spec_id,version,stage,mode,context,start,end,provider,model,cost_usd,input_tokens,cached_input_tokens,output_tokens,spec_size_kb,plan_size_kb,diff_lines,session_id
26_07_21_08_visualstate-update-optimization,1.59,implement,automated,fresh,2026-07-23T06:47:53.812494Z,2026-07-23T06:48:47.246615Z,claude,claude-sonnet-5,0.1662978,18,380746,3468,9.87,23.3,,2aaf06ef-a670-4ed9-8004-a4c5a4e759fb
26_07_21_08_visualstate-update-optimization,1.59,implement,automated,fresh,2026-07-23T06:48:47.252462Z,2026-07-23T06:50:36.211265Z,claude,claude-sonnet-5,0.4148751,42,1044597,6758,9.87,23.3,,d4a24918-c30d-4d56-a2a7-e6dab9dd73f6
26_07_21_08_visualstate-update-optimization,1.59,implement,automated,fresh,2026-07-23T06:50:36.227014Z,2026-07-23T06:54:20.793160Z,claude,claude-sonnet-5,0.788844,58,1814100,16296,9.87,23.3,,11b37817-5fbe-40e3-94df-2e1cbff5d935
26_07_21_08_visualstate-update-optimization,1.59,implement,automated,fresh,2026-07-23T06:54:20.808686Z,2026-07-23T06:56:10.364313Z,claude,claude-sonnet-5,0.3752427,42,904589,6916,9.87,23.3,,e63989d3-1e43-4982-af30-5e0b0f11f4e2
26_07_21_08_visualstate-update-optimization,1.59,implement,automated,fresh,2026-07-23T06:56:10.374411Z,2026-07-23T06:57:34.211635Z,claude,claude-sonnet-5,0.2603853,28,659621,4161,9.87,23.3,,bc3fe5f0-319f-4e2a-ae75-b565d873a1d6
26_07_21_08_visualstate-update-optimization,1.59,implement,automated,fresh,2026-07-23T06:57:34.221086Z,2026-07-23T07:00:37.853266Z,claude,claude-sonnet-5,0.7559754,60,1875968,12867,9.87,23.3,,236dfcce-a13c-4f14-8d5e-ee7f5d8e312c
26_07_21_08_visualstate-update-optimization,1.59,implement,automated,fresh,2026-07-23T07:00:37.863309Z,2026-07-23T07:05:04.610394Z,claude,claude-sonnet-5,1.2088809,84,3023813,20099,9.87,23.3,,77e13598-add1-4028-8b76-ffd6db12972f
26_07_21_08_visualstate-update-optimization,1.59,implement,automated,fresh,2026-07-23T07:04:17.504580Z,2026-07-23T07:06:59.297241Z,claude,claude-sonnet-5,0.48489659999999996,42,1178702,8744,9.87,23.3,,ce4e73f9-6bb1-4aab-85d3-ab310b515c57
26_07_21_08_visualstate-update-optimization,1.59,implement,automated,fresh,2026-07-23T07:05:04.622178Z,2026-07-23T07:07:25.589319Z,claude,claude-sonnet-5,0.4557053999999999,38,1133338,7706,9.87,23.3,,54947126-fda1-46e3-bcfa-3eb6ce80343a
26_07_21_08_visualstate-update-optimization,1.61,implement,automated,fresh,2026-07-23T13:02:50.073018Z,2026-07-23T13:03:31.601074Z,claude,claude-sonnet-5,0.0985971,12,218687,2197,9.87,23.3,,fe788ef5-5ada-465e-bfca-555627e1a4e3
26_07_21_08_visualstate-update-optimization,1.61,implement,automated,fresh,2026-07-23T13:03:31.605917Z,2026-07-23T13:05:00.459589Z,claude,claude-sonnet-5,0.26266860000000003,28,670232,4101,9.87,23.3,,07d7624d-dcc7-48c9-8e55-a34b66dac041
26_07_21_08_visualstate-update-optimization,1.61,implement,automated,fresh,2026-07-23T13:05:00.471012Z,2026-07-23T13:06:16.751747Z,claude,claude-sonnet-5,0.1891014,22,498568,2631,9.87,23.3,,9bdc6f86-2787-4acd-ab12-5e6b3c81bf33
26_07_21_08_visualstate-update-optimization,1.61,implement,automated,fresh,2026-07-23T13:06:16.760845Z,2026-07-23T13:06:41.244189Z,claude,claude-sonnet-5,0.0858942,12,240244,919,9.87,23.3,,53f6f517-3c32-4555-820e-e827f5f06997
26_07_21_08_visualstate-update-optimization,1.61,implement,automated,fresh,2026-07-23T13:06:41.249735Z,2026-07-23T13:07:16.494848Z,claude,claude-sonnet-5,0.1272915,18,368675,1109,9.87,23.3,,9670e90d-d7a9-481d-8695-7f608521bdec
26_07_21_08_visualstate-update-optimization,1.61,implement,automated,fresh,2026-07-23T13:07:16.502208Z,2026-07-23T13:07:46.462369Z,claude,claude-sonnet-5,0.1077375,14,310185,976,9.87,23.3,,603896bb-1147-45f9-8733-a878c746ea64
